GENOMIC_CHANGE	VAR_ID	GENOTYPE	GENOME_VERSION	VCF_SAMPLE_ID	VARIANT_CLASS	CODING_STATUS	SYMBOL	GENE_NAME	CCDS	ENTREZ_ID	UNIPROT_ID	ENSEMBL_GENE_ID	ENSEMBL_TRANSCRIPT_ID	REFSEQ_MRNA	ONCOSCORE	ONCOGENE	TUMOR_SUPPRESSOR	MOD	PATH_TRUNCATION_RATE	BENIGN_MISSENSE_RATE	CONSEQUENCE	PROTEIN_CHANGE	PROTEIN_DOMAIN	HGVSp	HGVSc	CDS_CHANGE	MUTATION_HOTSPOT	RMSK_HIT	PROTEIN_FEATURE	EFFECT_PREDICTIONS	LOSS_OF_FUNCTION	DBSNP	CLINVAR_CLINICAL_SIGNIFICANCE	CLINVAR_MSID	CLINVAR_VARIANT_ORIGIN	CLINVAR_CONFLICTED	CLINVAR_PHENOTYPE	VEP_ALL_CONSEQUENCE	PATHSCORE	PATHRANK	PATHDOC	PVS1	PSC1	PS1	PMC1	PM1	PM2	PM4	PM5	PP2	PPC1	PP3	BP4	BMC1	BSC1	BA1	BP1	N_INSILICO_CALLED	N_INSILICO_DAMAGING	N_INSILICO_TOLERATED	N_INSILICO_SPLICING_NEUTRAL	N_INSILICO_SPLICING_AFFECTED	GLOBAL_AF_GNOMAD	NFE_AF_GNOMAD	GLOBAL_AF_1KG	EUR_AF_1KG	TIER	TIER_DESCRIPTION
7:g.6022454C>T	7_6022454_C_T	heterozygous	grch37	example	SNV	coding	PMS2	PMS2 postmeiotic segregation increased 2 (S. cerevisiae)	CCDS5343.1	5395	PMS2_HUMAN	ENSG00000122512	ENST00000265849	NM_000535	0.924754	FALSE	FALSE	NA	NA	NA	splice_donor_variant	NA	NA	NA	ENST00000265849.7:c.2174+1G>A	splice_donor_variant:ENST00000265849.7:c.2174+1G>A	NA	NA	NA	mutpred:NA, m-cap:NA, lrt:NA, sift:NA, gerp_rs:4.7, splice_site_ada:affect_splicing, mutationassessor:NA, mutationtaster:damaging, fathmm:NA, splice_site_rf:affect_splicing, provean:NA, fathmm_mkl_coding:damaging, metasvm:NA, metalr:NA	TRUE	rs267608172	pathogenic	91329	germline	0	Hereditary nonpolyposis colon cancer; Hereditary cancer-predisposing syndrome; Lynch syndrome; Hereditary nonpolyposis colorectal cancer type 4; not provided	splice_donor_variant:PMS2:Transcript:ENST00000265849:protein_coding, splice_donor_variant:PMS2:Transcript:ENST00000382321:protein_coding, intron_variant:PMS2:Transcript:ENST00000406569:protein_coding, splice_donor_variant:PMS2:Transcript:ENST00000441476:protein_coding	NA	NA	NA	NA	NA	NA	NA	NA	NA	NA	NA	NA	NA	NA	NA	NA	NA	NA	NA	NA	NA	NA	NA	NA	1.67e-05	1.85e-05	NA	NA	TIER 1	Tier 1 - Pathogenic variant (ClinVar) associated with cancer phenotype
17:g.7579470CG>C	17_7579470_CG_C	heterozygous	grch37	example	deletion	coding	TP53	tumor protein p53	CCDS11118.1	7157	P53_HUMAN	ENSG00000141510	ENST00000269305	NM_001126112&NM_001276761&NM_001276760&NM_000546&NM_001126118	1	TRUE	TRUE	NA	NA	NA	frameshift_variant	p.Val73TrpfsTer50	NA	ENSP00000269305.4:p.Val73TrpfsTer50	ENST00000269305.4:c.216del	frameshift_variant:ENST00000269305.4:c.216del:exon4:p.V73fs	NA	NA	NA	NA	TRUE	NA	pathogenic	428897	germline	0	Hereditary cancer-predisposing syndrome	frameshift_variant:TP53:Transcript:ENST00000269305:protein_coding, frameshift_variant:TP53:Transcript:ENST00000359597:protein_coding, frameshift_variant:TP53:Transcript:ENST00000413465:protein_coding, frameshift_variant:TP53:Transcript:ENST00000420246:protein_coding, frameshift_variant:TP53:Transcript:ENST00000445888:protein_coding, frameshift_variant:TP53:Transcript:ENST00000455263:protein_coding	NA	NA	NA	NA	NA	NA	NA	NA	NA	NA	NA	NA	NA	NA	NA	NA	NA	NA	NA	NA	NA	NA	NA	NA	NA	NA	NA	NA	TIER 1	Tier 1 - Pathogenic variant (ClinVar) associated with cancer phenotype
17:g.29553477AC>A	17_29553477_AC_A	heterozygous	grch37	example	deletion	coding	NF1	neurofibromin 1	CCDS42292.1	4763	NF1_HUMAN	ENSG00000196712	ENST00000358273	NM_001042492	0.842742	TRUE	TRUE	NA	NA	NA	frameshift_variant	p.Pro678ArgfsTer10	NA	ENSP00000351015.4:p.Pro678ArgfsTer10	ENST00000358273.4:c.2033del	frameshift_variant:ENST00000358273.4:c.2033del:exon18:p.P678fs	NA	NA	NA	NA	TRUE	rs747195556	pathogenic	428991	germline	0	Hereditary cancer-predisposing syndrome; Neurofibromatosis, type 1	frameshift_variant:NF1:Transcript:ENST00000356175:protein_coding, frameshift_variant:NF1:Transcript:ENST00000358273:protein_coding, downstream_gene_variant:NF1:Transcript:ENST00000431387:protein_coding	NA	NA	NA	NA	NA	NA	NA	NA	NA	NA	NA	NA	NA	NA	NA	NA	NA	NA	NA	NA	NA	NA	NA	NA	0	0	NA	NA	TIER 1	Tier 1 - Pathogenic variant (ClinVar) associated with cancer phenotype
2:g.47602439G>A	2_47602439_G_A	heterozygous	grch37	example	SNV	coding	EPCAM	epithelial cell adhesion molecule	CCDS1833.1	4072	EPCAM_HUMAN	ENSG00000119888	ENST00000263735	NM_002354	0.667252	TRUE	FALSE	NA	NA	NA	splice_donor_variant	NA	NA	NA	ENST00000263735.4:c.491+1G>A	splice_donor_variant:ENST00000263735.4:c.491+1G>A	NA	NA	NA	mutpred:NA, m-cap:NA, lrt:NA, sift:NA, gerp_rs:4.94, splice_site_ada:affect_splicing, mutationassessor:NA, mutationtaster:damaging, fathmm:NA, splice_site_rf:affect_splicing, provean:NA, fathmm_mkl_coding:damaging, metasvm:NA, metalr:NA	TRUE	rs606231203	pathogenic	12771	germline	0	Diarrhea 5, with tufting enteropathy, congenital	splice_donor_variant:EPCAM:Transcript:ENST00000263735:protein_coding, upstream_gene_variant:MIR559:Transcript:ENST00000385188:miRNA, splice_donor_variant:EPCAM:Transcript:ENST00000405271:protein_coding	NA	NA	NA	NA	NA	NA	NA	NA	NA	NA	NA	NA	NA	NA	NA	NA	NA	NA	NA	NA	NA	NA	NA	NA	5.28e-05	0	NA	NA	TIER 1	Tier 1 - Pathogenic variant (ClinVar) associated with undefined/noncancer phenotype
7:g.140453136A>T	7_140453136_A_T	heterozygous	grch37	example	SNV	coding	BRAF	v-raf murine sarcoma viral oncogene homolog B	CCDS5863.1	673	A0A2U3TZI2_HUMAN	ENSG00000157764	ENST00000288602	NM_004333	0.959732	TRUE	FALSE	NA	NA	NA	missense_variant	p.Val600Glu	Protein tyrosine kinase	ENSP00000288602.6:p.Val600Glu	ENST00000288602.6:c.1799T>A	missense_variant:ENST00000288602.6:c.1799T>A:exon15:p.V600E	BRAF|V600|0	NA	NA	mutpred:0.713, m-cap:damaging, lrt:damaging, sift:damaging, gerp_rs:5.65, splice_site_ada:NA, mutationassessor:tolerated, mutationtaster:damaging, fathmm:damaging, splice_site_rf:NA, provean:damaging, fathmm_mkl_coding:damaging, metasvm:tolerated, metalr:tolerated	FALSE	rs113488022	pathogenic	13961	germline,somatic	0	not provided	missense_variant:BRAF:Transcript:ENST00000288602:protein_coding	NA	NA	NA	NA	NA	NA	NA	NA	NA	NA	NA	NA	NA	NA	NA	NA	NA	NA	NA	NA	NA	NA	NA	NA	NA	NA	NA	NA	TIER 1	Tier 1 - Pathogenic variant (ClinVar) associated with undefined/noncancer phenotype
16:g.89845355C>T	16_89845355_C_T	heterozygous	grch37	example	SNV	coding	FANCA	Fanconi anemia, complementation group A	CCDS32515.1	2175	FANCA_HUMAN	ENSG00000187741	ENST00000389301	NM_000135	0.71851	FALSE	FALSE	LoF	0.98	0.75	missense_variant	p.Arg591Gln	NA	ENSP00000373952.3:p.Arg591Gln	ENST00000389301.3:c.1772G>A	missense_variant:ENST00000389301.3:c.1772G>A:exon19:p.R591Q	NA	NA	NA	mutpred:0.363, m-cap:damaging, lrt:tolerated, sift:damaging, gerp_rs:4.54, splice_site_ada:NA, mutationassessor:damaging, mutationtaster:damaging, fathmm:damaging, splice_site_rf:NA, provean:damaging, fathmm_mkl_coding:damaging, metasvm:damaging, metalr:damaging	FALSE	rs778093769	uncertain_significance	408177	germline	0	Fanconi anemia	missense_variant:FANCA:Transcript:ENST00000389301:protein_coding, missense_variant:FANCA:Transcript:ENST00000568369:protein_coding	2	LOW	CPSR pathogenicity score: 2, Absent or extremely low allele frequency in the general population (gnomAD/1KG global MAF < 0.0005) - PM2, Multiple lines of in silico evidence of deleterious effect - PP3, Missense variant in a gene for which primarily (>90%) truncating variants are known to cause disease - BP1	FALSE	FALSE	FALSE	FALSE	FALSE	TRUE	FALSE	FALSE	FALSE	FALSE	TRUE	FALSE	FALSE	FALSE	FALSE	TRUE	7	7	0	0	0	0.0001421	2.69e-05	NA	NA	TIER 3A	Tier 3A - Variant of uncertain significance (VUS in ClinVar) associated with cancer phenotype
22:g.29120963A>G	22_29120963_A_G	heterozygous	grch37	example	SNV	coding	CHEK2	checkpoint kinase 2	CCDS33629.1	11200	CHK2_HUMAN	ENSG00000183765	ENST00000382580	NM_001005735	0.911009	FALSE	TRUE	LoF	1	0	splice_donor_variant	NA	NA	NA	ENST00000382580.2:c.721+2T>C	splice_donor_variant:ENST00000382580.2:c.721+2T>C	NA	NA	NA	mutpred:NA, m-cap:NA, lrt:NA, sift:NA, gerp_rs:5.87, splice_site_ada:affect_splicing, mutationassessor:NA, mutationtaster:damaging, fathmm:NA, splice_site_rf:affect_splicing, provean:NA, fathmm_mkl_coding:damaging, metasvm:NA, metalr:NA	TRUE	NA	NA	NA	NA	NA	NA	splice_donor_variant:CHEK2:Transcript:ENST00000328354:protein_coding, splice_donor_variant:CHEK2:Transcript:ENST00000348295:protein_coding, intron_variant:CHEK2:Transcript:ENST00000382565:protein_coding, splice_donor_variant:CHEK2:Transcript:ENST00000382566:protein_coding, intron_variant:CHEK2:Transcript:ENST00000382578:protein_coding, splice_donor_variant:CHEK2:Transcript:ENST00000382580:protein_coding, splice_donor_variant:CHEK2:Transcript:ENST00000402731:protein_coding, intron_variant:CHEK2:Transcript:ENST00000403642:protein_coding, splice_donor_variant:CHEK2:Transcript:ENST00000404276:protein_coding, splice_donor_variant:CHEK2:Transcript:ENST00000405598:protein_coding, splice_donor_variant:CHEK2:Transcript:ENST00000544772:protein_coding	11	HIGH	CPSR pathogenicity score: 11, Loss-of-function variant in known susceptibility/syndrome gene (dominant MoI) - PVS1, Absent or extremely low allele frequency in the general population (gnomAD/1KG global MAF < 0.0005) - PM2, Multiple lines of in silico evidence of deleterious effect - PP3	TRUE	FALSE	FALSE	FALSE	FALSE	TRUE	FALSE	FALSE	FALSE	FALSE	TRUE	FALSE	FALSE	FALSE	FALSE	FALSE	3	1	0	0	2	NA	NA	NA	NA	TIER 3B	Tier 3B - Unclassified variants
19:g.50905323CG>C	19_50905323_CG_C	heterozygous	grch37	example	deletion	coding	POLD1	polymerase (DNA directed), delta 1, catalytic subunit	CCDS12795.1	5424	DPOD1_HUMAN	ENSG00000062822	ENST00000440232	NM_002691&NM_001256849	0.712907	FALSE	FALSE	LoF	0	1	frameshift_variant	p.Arg180GlyfsTer3	DNA polymerase family B, exonuclease domain	ENSP00000406046.1:p.Arg180GlyfsTer3	ENST00000440232.2:c.537del	frameshift_variant:ENST00000440232.2:c.537del:exon5:p.R180fs	NA	NA	NA	NA	TRUE	NA	NA	NA	NA	NA	NA	frameshift_variant:POLD1:Transcript:ENST00000440232:protein_coding, downstream_gene_variant:RN7SL324P:Transcript:ENST00000577945:misc_RNA, frameshift_variant:POLD1:Transcript:ENST00000595904:protein_coding, frameshift_variant:POLD1:Transcript:ENST00000599857:protein_coding, regulatory_region_variant:.:RegulatoryFeature:ENSR00000111059:open_chromatin_region	10	HIGH	CPSR pathogenicity score: 10, Loss-of-function variant in known susceptibility/syndrome gene (dominant MoI) - PVS1, Absent or extremely low allele frequency in the general population (gnomAD/1KG global MAF < 0.0005) - PM2	TRUE	FALSE	FALSE	FALSE	FALSE	TRUE	FALSE	FALSE	FALSE	FALSE	FALSE	FALSE	FALSE	FALSE	FALSE	FALSE	0	0	0	0	0	NA	NA	NA	NA	TIER 3B	Tier 3B - Unclassified variants
19:g.11094968A>AG	19_11094968_A_AG	heterozygous	grch37	example	insertion	coding	SMARCA4	SWI/SNF related, matrix associated, actin dependent regulator of chromatin, subfamily a, member 4	CCDS12253.1	6597	SMCA4_HUMAN	ENSG00000127616	ENST00000429416	NM_001128844	0.583726	TRUE	TRUE	LoF	0.76	0	frameshift_variant	p.Pro49AlafsTer33	NA	ENSP00000395654.1:p.Pro49AlafsTer33	ENST00000429416.3:c.144dup	frameshift_variant:ENST00000429416.3:c.144dup:exon3:p.P49fs	NA	NA	NA	NA	TRUE	NA	NA	NA	NA	NA	NA	frameshift_variant:SMARCA4:Transcript:ENST00000344626:protein_coding, frameshift_variant:SMARCA4:Transcript:ENST00000358026:protein_coding, frameshift_variant:SMARCA4:Transcript:ENST00000413806:protein_coding, frameshift_variant:SMARCA4:Transcript:ENST00000429416:protein_coding, frameshift_variant:SMARCA4:Transcript:ENST00000444061:protein_coding, frameshift_variant:SMARCA4:Transcript:ENST00000450717:protein_coding, frameshift_variant:SMARCA4:Transcript:ENST00000541122:protein_coding, frameshift_variant:SMARCA4:Transcript:ENST00000589677:protein_coding, frameshift_variant:SMARCA4:Transcript:ENST00000590574:protein_coding	10	HIGH	CPSR pathogenicity score: 10, Loss-of-function variant in known susceptibility/syndrome gene (dominant MoI) - PVS1, Absent or extremely low allele frequency in the general population (gnomAD/1KG global MAF < 0.0005) - PM2	TRUE	FALSE	FALSE	FALSE	FALSE	TRUE	FALSE	FALSE	FALSE	FALSE	FALSE	FALSE	FALSE	FALSE	FALSE	FALSE	0	0	0	0	0	NA	NA	NA	NA	TIER 3B	Tier 3B - Unclassified variants
19:g.11152166TC>T	19_11152166_TC_T	heterozygous	grch37	example	deletion	coding	SMARCA4	SWI/SNF related, matrix associated, actin dependent regulator of chromatin, subfamily a, member 4	CCDS12253.1	6597	SMCA4_HUMAN	ENSG00000127616	ENST00000429416	NM_001128844	0.583726	TRUE	TRUE	LoF	0.76	0	frameshift_variant	p.Pro1453LeufsTer10	NA	ENSP00000395654.1:p.Pro1453LeufsTer10	ENST00000429416.3:c.4358del	frameshift_variant:ENST00000429416.3:c.4358del:exon31:p.P1453fs	NA	NA	NA	NA	TRUE	NA	NA	NA	NA	NA	NA	frameshift_variant:SMARCA4:Transcript:ENST00000344626:protein_coding, frameshift_variant:SMARCA4:Transcript:ENST00000358026:protein_coding, frameshift_variant:SMARCA4:Transcript:ENST00000413806:protein_coding, frameshift_variant:SMARCA4:Transcript:ENST00000429416:protein_coding, frameshift_variant:SMARCA4:Transcript:ENST00000444061:protein_coding, frameshift_variant:SMARCA4:Transcript:ENST00000450717:protein_coding, frameshift_variant:SMARCA4:Transcript:ENST00000541122:protein_coding, frameshift_variant:SMARCA4:Transcript:ENST00000589677:protein_coding, frameshift_variant:SMARCA4:Transcript:ENST00000590574:protein_coding	10	HIGH	CPSR pathogenicity score: 10, Loss-of-function variant in known susceptibility/syndrome gene (dominant MoI) - PVS1, Absent or extremely low allele frequency in the general population (gnomAD/1KG global MAF < 0.0005) - PM2	TRUE	FALSE	FALSE	FALSE	FALSE	TRUE	FALSE	FALSE	FALSE	FALSE	FALSE	FALSE	FALSE	FALSE	FALSE	FALSE	0	0	0	0	0	NA	NA	NA	NA	TIER 3B	Tier 3B - Unclassified variants
12:g.133233793GT>G	12_133233793_GT_G	heterozygous	grch37	example	deletion	coding	POLE	polymerase (DNA directed), epsilon, catalytic subunit	CCDS9278.1	5426	DPOE1_HUMAN	ENSG00000177084	ENST00000320574	NM_006231	0.162008	FALSE	FALSE	LoF	0	0.86	frameshift_variant	p.Lys1170AsnfsTer49	NA	ENSP00000322570.5:p.Lys1170AsnfsTer49	ENST00000320574.5:c.3510del	frameshift_variant:ENST00000320574.5:c.3510del:exon29:p.K1170fs	NA	NA	NA	NA	TRUE	NA	NA	NA	NA	NA	NA	frameshift_variant:POLE:Transcript:ENST00000320574:protein_coding, frameshift_variant:POLE:Transcript:ENST00000535270:protein_coding	10	HIGH	CPSR pathogenicity score: 10, Loss-of-function variant in known susceptibility/syndrome gene (dominant MoI) - PVS1, Absent or extremely low allele frequency in the general population (gnomAD/1KG global MAF < 0.0005) - PM2	TRUE	FALSE	FALSE	FALSE	FALSE	TRUE	FALSE	FALSE	FALSE	FALSE	FALSE	FALSE	FALSE	FALSE	FALSE	FALSE	0	0	0	0	0	NA	NA	NA	NA	TIER 3B	Tier 3B - Unclassified variants
19:g.45867142G>A	19_45867142_G_A	heterozygous	grch37	example	SNV	coding	ERCC2	excision repair cross-complementing rodent repair deficiency, complementation group 2	CCDS33049.1	2068	ERCC2_HUMAN	ENSG00000104884	ENST00000391945	NM_000400	0.799042	FALSE	FALSE	LoF	0.14	0.14	missense_variant	p.Ala326Val	Helical and beta-bridge domain	ENSP00000375809.3:p.Ala326Val	ENST00000391945.4:c.977C>T	missense_variant:ENST00000391945.4:c.977C>T:exon11:p.A326V	NA	NA	NA	mutpred:0.741, m-cap:damaging, lrt:damaging, sift:damaging, gerp_rs:5.8, splice_site_ada:NA, mutationassessor:damaging, mutationtaster:damaging, fathmm:tolerated, splice_site_rf:NA, provean:damaging, fathmm_mkl_coding:damaging, metasvm:damaging, metalr:damaging	FALSE	NA	NA	NA	NA	NA	NA	3_prime_UTR_variant:ERCC2:Transcript:ENST00000221481:protein_coding, missense_variant:ERCC2:Transcript:ENST00000391940:protein_coding, missense_variant:ERCC2:Transcript:ENST00000391944:protein_coding, missense_variant:ERCC2:Transcript:ENST00000391945:protein_coding, missense_variant:ERCC2:Transcript:ENST00000485403:protein_coding	4	LOW	CPSR pathogenicity score: 4, Absent or extremely low allele frequency in the general population (gnomAD/1KG global MAF < 0.0005) - PM2, Missense variant in susceptibility genes where pathogenic missense variants are relatively common (>50%) - PP2, Multiple lines of in silico evidence of deleterious effect - PP3	FALSE	FALSE	FALSE	FALSE	FALSE	TRUE	FALSE	FALSE	TRUE	FALSE	TRUE	FALSE	FALSE	FALSE	FALSE	FALSE	7	6	1	0	0	NA	NA	NA	NA	TIER 3B	Tier 3B - Unclassified variants
12:g.12006417C>CT	12_12006417_C_CT	heterozygous	grch37	example	insertion	coding	ETV6	ets variant 6	CCDS8643.1	2120	ETV6_HUMAN	ENSG00000139083	ENST00000396373	NM_001987	0.959089	TRUE	TRUE	NA	0.33	0	frameshift_variant	p.Ser131PhefsTer23	NA	ENSP00000379658.3:p.Ser131PhefsTer23	ENST00000396373.4:c.391dup	frameshift_variant:ENST00000396373.4:c.391dup:exon4:p.S131fs	NA	NA	NA	NA	TRUE	NA	NA	NA	NA	NA	NA	frameshift_variant:ETV6:Transcript:ENST00000396373:protein_coding	4	LOW	CPSR pathogenicity score: 4, Loss-of-function variant in known susceptibility/syndrome gene (unknown/LoF not a known mechanism of disease) - PMC1, Absent or extremely low allele frequency in the general population (gnomAD/1KG global MAF < 0.0005) - PM2	FALSE	FALSE	FALSE	TRUE	FALSE	TRUE	FALSE	FALSE	FALSE	FALSE	FALSE	FALSE	FALSE	FALSE	FALSE	FALSE	0	0	0	0	0	NA	NA	NA	NA	TIER 3B	Tier 3B - Unclassified variants
4:g.55948752GT>G	4_55948752_GT_G	heterozygous	grch37	example	deletion	coding	KDR	kinase insert domain receptor (a type III receptor tyrosine kinase)	CCDS3497.1	3791	VGFR2_HUMAN	ENSG00000128052	ENST00000263923	NM_002253	0.39635	TRUE	FALSE	NA	NA	NA	frameshift_variant	p.Thr1238HisfsTer7	NA	ENSP00000263923.4:p.Thr1238HisfsTer7	ENST00000263923.4:c.3712del	frameshift_variant:ENST00000263923.4:c.3712del:exon28:p.T1238fs	NA	NA	NA	NA	TRUE	NA	NA	NA	NA	NA	NA	frameshift_variant:KDR:Transcript:ENST00000263923:protein_coding, intron_variant&non_coding_transcript_variant:RP11-530I17.1:Transcript:ENST00000511222:antisense	4	LOW	CPSR pathogenicity score: 4, Loss-of-function variant in known susceptibility/syndrome gene (unknown/LoF not a known mechanism of disease) - PMC1, Absent or extremely low allele frequency in the general population (gnomAD/1KG global MAF < 0.0005) - PM2	FALSE	FALSE	FALSE	TRUE	FALSE	TRUE	FALSE	FALSE	FALSE	FALSE	FALSE	FALSE	FALSE	FALSE	FALSE	FALSE	0	0	0	0	0	NA	NA	NA	NA	TIER 3B	Tier 3B - Unclassified variants
5:g.24488218CT>C	5_24488218_CT_C	heterozygous	grch37	example	deletion	coding	CDH10	cadherin 10, type 2 (T2-cadherin)	CCDS3892.1	1008	CAD10_HUMAN	ENSG00000040731	ENST00000264463	NM_006727	0.351852	FALSE	FALSE	NA	NA	NA	frameshift_variant	p.Glu641SerfsTer3	Cadherin cytoplasmic region	ENSP00000264463.4:p.Glu641SerfsTer3	ENST00000264463.4:c.1920del	frameshift_variant:ENST00000264463.4:c.1920del:exon12:p.E641fs	NA	NA	NA	NA	TRUE	NA	NA	NA	NA	NA	NA	frameshift_variant:CDH10:Transcript:ENST00000264463:protein_coding	4	LOW	CPSR pathogenicity score: 4, Loss-of-function variant in known susceptibility/syndrome gene (unknown/LoF not a known mechanism of disease) - PMC1, Absent or extremely low allele frequency in the general population (gnomAD/1KG global MAF < 0.0005) - PM2	FALSE	FALSE	FALSE	TRUE	FALSE	TRUE	FALSE	FALSE	FALSE	FALSE	FALSE	FALSE	FALSE	FALSE	FALSE	FALSE	0	0	0	0	0	NA	NA	NA	NA	TIER 3B	Tier 3B - Unclassified variants
3:g.122003526AC>A	3_122003526_AC_A	heterozygous	grch37	example	deletion	coding	CASR	calcium-sensing receptor	CCDS54632.1	846	NA	ENSG00000036828	ENST00000498619	NM_001178065	0.211381	FALSE	TRUE	NA	0.2	0.07	frameshift_variant	p.Ser921ProfsTer28	NA	ENSP00000420194.1:p.Ser921ProfsTer28	ENST00000498619.1:c.2760del	frameshift_variant:ENST00000498619.1:c.2760del:exon7:p.S921fs	NA	NA	NA	NA	TRUE	NA	NA	NA	NA	NA	NA	frameshift_variant:CASR:Transcript:ENST00000296154:protein_coding, downstream_gene_variant:AC068754.1:Transcript:ENST00000408547:miRNA, frameshift_variant:CASR:Transcript:ENST00000490131:protein_coding, frameshift_variant:CASR:Transcript:ENST00000498619:protein_coding	4	LOW	CPSR pathogenicity score: 4, Loss-of-function variant in known susceptibility/syndrome gene (unknown/LoF not a known mechanism of disease) - PMC1, Absent or extremely low allele frequency in the general population (gnomAD/1KG global MAF < 0.0005) - PM2	FALSE	FALSE	FALSE	TRUE	FALSE	TRUE	FALSE	FALSE	FALSE	FALSE	FALSE	FALSE	FALSE	FALSE	FALSE	FALSE	0	0	0	0	0	NA	NA	NA	NA	TIER 3B	Tier 3B - Unclassified variants
4:g.187629765G>T	4_187629765_G_T	heterozygous	grch37	example	SNV	coding	FAT1	FAT atypical cadherin 1	CCDS47177.1	2195	FAT1_HUMAN	ENSG00000083857	ENST00000441802	NM_005245	0.536318	FALSE	TRUE	NA	NA	NA	missense_variant	p.Pro406His	NA	ENSP00000406229.2:p.Pro406His	ENST00000441802.2:c.1217C>A	missense_variant:ENST00000441802.2:c.1217C>A:exon2:p.P406H	NA	NA	Topological domain:Extracellular:22-4181	mutpred:0.306, m-cap:damaging, lrt:damaging, sift:damaging, gerp_rs:5.32, splice_site_ada:NA, mutationassessor:damaging, mutationtaster:damaging, fathmm:NA, splice_site_rf:NA, provean:tolerated, fathmm_mkl_coding:damaging, metasvm:damaging, metalr:damaging	FALSE	NA	NA	NA	NA	NA	NA	missense_variant:FAT1:Transcript:ENST00000441802:protein_coding	3	LOW	CPSR pathogenicity score: 3, Absent or extremely low allele frequency in the general population (gnomAD/1KG global MAF < 0.0005) - PM2, Multiple lines of in silico evidence of deleterious effect - PP3	FALSE	FALSE	FALSE	FALSE	FALSE	TRUE	FALSE	FALSE	FALSE	FALSE	TRUE	FALSE	FALSE	FALSE	FALSE	FALSE	6	5	1	0	0	NA	NA	NA	NA	TIER 3B	Tier 3B - Unclassified variants
8:g.119122493C>T	8_119122493_C_T	heterozygous	grch37	example	SNV	coding	EXT1	exostosin glycosyltransferase 1	CCDS6324.1	2131	EXT1_HUMAN	ENSG00000182197	ENST00000378204	NM_000127	0.702891	FALSE	FALSE	LoF	0.82	0	missense_variant	p.Val265Ile	Exostosin family	ENSP00000367446.2:p.Val265Ile	ENST00000378204.2:c.793G>A	missense_variant:ENST00000378204.2:c.793G>A:exon1:p.V265I	NA	NA	Topological domain:Lumenal:29-746	mutpred:0.575, m-cap:damaging, lrt:damaging, sift:tolerated, gerp_rs:5.58, splice_site_ada:NA, mutationassessor:tolerated, mutationtaster:damaging, fathmm:damaging, splice_site_rf:NA, provean:tolerated, fathmm_mkl_coding:damaging, metasvm:damaging, metalr:damaging	FALSE	NA	NA	NA	NA	NA	NA	missense_variant:EXT1:Transcript:ENST00000378204:protein_coding, regulatory_region_variant:.:RegulatoryFeature:ENSR00000229231:promoter	2	LOW	CPSR pathogenicity score: 2, Absent or extremely low allele frequency in the general population (gnomAD/1KG global MAF < 0.0005) - PM2	FALSE	FALSE	FALSE	FALSE	FALSE	TRUE	FALSE	FALSE	FALSE	FALSE	FALSE	FALSE	FALSE	FALSE	FALSE	FALSE	7	4	3	0	0	NA	NA	NA	NA	TIER 3B	Tier 3B - Unclassified variants
4:g.87653901G>A	4_87653901_G_A	heterozygous	grch37	example	SNV	coding	PTPN13	protein tyrosine phosphatase, non-receptor type 13 (APO-1/CD95 (Fas)-associated phosphatase)	CCDS47093.1	5783	PTN13_HUMAN	ENSG00000163629	ENST00000436978	NM_080685&NM_080683	0.659365	FALSE	TRUE	NA	NA	NA	missense_variant	p.Ala614Thr	FERM N-terminal domain	ENSP00000394794.1:p.Ala614Thr	ENST00000436978.1:c.1840G>A	missense_variant:ENST00000436978.1:c.1840G>A:exon12:p.A614T	NA	NA	NA	mutpred:0.728, m-cap:damaging, lrt:tolerated, sift:damaging, gerp_rs:5.5, splice_site_ada:NA, mutationassessor:tolerated, mutationtaster:damaging, fathmm:tolerated, splice_site_rf:NA, provean:tolerated, fathmm_mkl_coding:damaging, metasvm:tolerated, metalr:tolerated	FALSE	NA	NA	NA	NA	NA	NA	missense_variant:PTPN13:Transcript:ENST00000316707:protein_coding, missense_variant:PTPN13:Transcript:ENST00000411767:protein_coding, missense_variant:PTPN13:Transcript:ENST00000427191:protein_coding, missense_variant:PTPN13:Transcript:ENST00000436978:protein_coding, missense_variant:PTPN13:Transcript:ENST00000511467:protein_coding	2	LOW	CPSR pathogenicity score: 2, Absent or extremely low allele frequency in the general population (gnomAD/1KG global MAF < 0.0005) - PM2	FALSE	FALSE	FALSE	FALSE	FALSE	TRUE	FALSE	FALSE	FALSE	FALSE	FALSE	FALSE	FALSE	FALSE	FALSE	FALSE	7	3	4	0	0	NA	NA	NA	NA	TIER 3B	Tier 3B - Unclassified variants
16:g.343543G>A	16_343543_G_A	heterozygous	grch37	example	SNV	coding	AXIN1	axin 1	CCDS10405.1	8312	AXIN1_HUMAN	ENSG00000103126	ENST00000262320	NM_003502	0.628961	FALSE	TRUE	NA	NA	NA	missense_variant	p.Arg711Cys	NA	ENSP00000262320.3:p.Arg711Cys	ENST00000262320.3:c.2131C>T	missense_variant:ENST00000262320.3:c.2131C>T:exon8:p.R711C	NA	NA	Region of interest:Interaction with PPP2CA:575-789, Region of interest:Interaction with RNF111:507-757, Region of interest:Interaction with HIPK2:677-752	mutpred:NA, m-cap:damaging, lrt:tolerated, sift:tolerated, gerp_rs:3.21, splice_site_ada:NA, mutationassessor:tolerated, mutationtaster:damaging, fathmm:tolerated, splice_site_rf:NA, provean:tolerated, fathmm_mkl_coding:damaging, metasvm:tolerated, metalr:tolerated	FALSE	rs150504240	NA	NA	NA	NA	NA	missense_variant:AXIN1:Transcript:ENST00000262320:protein_coding, missense_variant:AXIN1:Transcript:ENST00000354866:protein_coding	2	LOW	CPSR pathogenicity score: 2, Absent or extremely low allele frequency in the general population (gnomAD/1KG global MAF < 0.0005) - PM2	FALSE	FALSE	FALSE	FALSE	FALSE	TRUE	FALSE	FALSE	FALSE	FALSE	FALSE	FALSE	FALSE	FALSE	FALSE	FALSE	7	2	5	0	0	2.47e-05	3.67e-05	4e-04	0	TIER 3B	Tier 3B - Unclassified variants
5:g.176721933C>T	5_176721933_C_T	heterozygous	grch37	example	SNV	coding	NSD1	nuclear receptor binding SET domain protein 1	CCDS4412.1	64324	NSD1_HUMAN	ENSG00000165671	ENST00000439151	NM_022455	0.470414	TRUE	FALSE	LoF	0.87	0.19	missense_variant	p.Pro2522Ser	NA	ENSP00000395929.2:p.Pro2522Ser	ENST00000439151.2:c.7564C>T	missense_variant:ENST00000439151.2:c.7564C>T:exon23:p.P2522S	NA	NA	NA	mutpred:0.178, m-cap:damaging, lrt:tolerated, sift:tolerated, gerp_rs:0.689, splice_site_ada:NA, mutationassessor:tolerated, mutationtaster:tolerated, fathmm:damaging, splice_site_rf:NA, provean:tolerated, fathmm_mkl_coding:tolerated, metasvm:tolerated, metalr:tolerated	FALSE	NA	NA	NA	NA	NA	NA	missense_variant:NSD1:Transcript:ENST00000347982:protein_coding, missense_variant:NSD1:Transcript:ENST00000354179:protein_coding, missense_variant:NSD1:Transcript:ENST00000361032:protein_coding, missense_variant:NSD1:Transcript:ENST00000439151:protein_coding	2	LOW	CPSR pathogenicity score: 2, Absent or extremely low allele frequency in the general population (gnomAD/1KG global MAF < 0.0005) - PM2	FALSE	FALSE	FALSE	FALSE	FALSE	TRUE	FALSE	FALSE	FALSE	FALSE	FALSE	FALSE	FALSE	FALSE	FALSE	FALSE	7	2	5	0	0	NA	NA	NA	NA	TIER 3B	Tier 3B - Unclassified variants
7:g.6043626T>A	7_6043626_T_A	heterozygous	grch37	example	SNV	coding	PMS2	PMS2 postmeiotic segregation increased 2 (S. cerevisiae)	CCDS5343.1	5395	PMS2_HUMAN	ENSG00000122512	ENST00000265849	NM_000535	0.924754	FALSE	FALSE	LoF	0.97	0.71	missense_variant	p.Glu76Val	Histidine kinase-, DNA gyrase B-, and HSP90-like ATPase	ENSP00000265849.7:p.Glu76Val	ENST00000265849.7:c.227A>T	missense_variant:ENST00000265849.7:c.227A>T:exon3:p.E76V	NA	NA	NA	mutpred:0.53, m-cap:damaging, lrt:damaging, sift:tolerated, gerp_rs:5.68, splice_site_ada:NA, mutationassessor:tolerated, mutationtaster:damaging, fathmm:tolerated, splice_site_rf:NA, provean:damaging, fathmm_mkl_coding:damaging, metasvm:damaging, metalr:tolerated	FALSE	NA	NA	NA	NA	NA	NA	missense_variant:PMS2:Transcript:ENST00000265849:protein_coding, downstream_gene_variant:Y_RNA:Transcript:ENST00000365120:misc_RNA, missense_variant:PMS2:Transcript:ENST00000382321:protein_coding, missense_variant:PMS2:Transcript:ENST00000406569:protein_coding, missense_variant:PMS2:Transcript:ENST00000441476:protein_coding	1	LOW	CPSR pathogenicity score: 1, Absent or extremely low allele frequency in the general population (gnomAD/1KG global MAF < 0.0005) - PM2, Missense variant in a gene for which primarily (>90%) truncating variants are known to cause disease - BP1	FALSE	FALSE	FALSE	FALSE	FALSE	TRUE	FALSE	FALSE	FALSE	FALSE	FALSE	FALSE	FALSE	FALSE	FALSE	TRUE	7	3	4	0	0	NA	NA	NA	NA	TIER 3B	Tier 3B - Unclassified variants
2:g.47601096G>A	2_47601096_G_A	heterozygous	grch37	example	SNV	coding	EPCAM	epithelial cell adhesion molecule	CCDS1833.1	4072	EPCAM_HUMAN	ENSG00000119888	ENST00000263735	NM_002354	0.667252	TRUE	FALSE	LoF	0.91	0.5	missense_variant	p.Gly112Ser	Thyroglobulin type-1 repeat	ENSP00000263735.4:p.Gly112Ser	ENST00000263735.4:c.334G>A	missense_variant:ENST00000263735.4:c.334G>A:exon3:p.G112S	NA	NA	Topological domain:Extracellular:24-265, Disulfide bond:110-116:110-116	mutpred:NA, m-cap:tolerated, lrt:damaging, sift:tolerated, gerp_rs:5.93, splice_site_ada:NA, mutationassessor:damaging, mutationtaster:damaging, fathmm:tolerated, splice_site_rf:NA, provean:tolerated, fathmm_mkl_coding:damaging, metasvm:tolerated, metalr:tolerated	FALSE	rs766626946	NA	NA	NA	NA	NA	missense_variant:EPCAM:Transcript:ENST00000263735:protein_coding, upstream_gene_variant:MIR559:Transcript:ENST00000385188:miRNA, missense_variant:EPCAM:Transcript:ENST00000405271:protein_coding	1	LOW	CPSR pathogenicity score: 1, Absent or extremely low allele frequency in the general population (gnomAD/1KG global MAF < 0.0005) - PM2, Missense variant in a gene for which primarily (>90%) truncating variants are known to cause disease - BP1	FALSE	FALSE	FALSE	FALSE	FALSE	TRUE	FALSE	FALSE	FALSE	FALSE	FALSE	FALSE	FALSE	FALSE	FALSE	TRUE	7	2	5	0	0	1.22e-05	2.69e-05	NA	NA	TIER 3B	Tier 3B - Unclassified variants
5:g.112177314C>T	5_112177314_C_T	heterozygous	grch37	example	SNV	coding	APC	adenomatous polyposis coli	CCDS4107.1	324	NA	ENSG00000134982	ENST00000457016	NA	0.506957	FALSE	TRUE	LoF	1	0.6	missense_variant	p.Ala2008Val	APC repeat	ENSP00000413133.1:p.Ala2008Val	ENST00000457016.1:c.6023C>T	missense_variant:ENST00000457016.1:c.6023C>T:exon16:p.A2008V	NA	X5A_LINE|LINE|CR1	NA	mutpred:0.628, m-cap:damaging, lrt:damaging, sift:damaging, gerp_rs:4.99, splice_site_ada:NA, mutationassessor:damaging, mutationtaster:damaging, fathmm:tolerated, splice_site_rf:NA, provean:tolerated, fathmm_mkl_coding:damaging, metasvm:tolerated, metalr:damaging	FALSE	NA	NA	NA	NA	NA	NA	missense_variant:APC:Transcript:ENST00000257430:protein_coding, missense_variant:APC:Transcript:ENST00000457016:protein_coding, missense_variant:APC:Transcript:ENST00000508376:protein_coding, intron_variant&NMD_transcript_variant:CTC-554D6.1:Transcript:ENST00000520401:nonsense_mediated_decay	1	LOW	CPSR pathogenicity score: 1, Absent or extremely low allele frequency in the general population (gnomAD/1KG global MAF < 0.0005) - PM2, Missense variant in a gene for which primarily (>90%) truncating variants are known to cause disease - BP1	FALSE	FALSE	FALSE	FALSE	FALSE	TRUE	FALSE	FALSE	FALSE	FALSE	FALSE	FALSE	FALSE	FALSE	FALSE	TRUE	7	5	2	0	0	NA	NA	NA	NA	TIER 3B	Tier 3B - Unclassified variants
